{"paths":{"0":["font/zorque",4],"1":["Texture/button_blue",1],"2":["Texture/button_cancel",1],"3":["Texture/exitTip",1],"4":["Texture/line-loading-bg",1],"5":["Texture/line-loading",1],"6":["font/score",3],"7":["font/time",3],"8":["Prefab/dialog",0],"9":["Texture/button_blue",2,1],"10":["Texture/button_cancel",2,1],"11":["Texture/exitTip",2,1],"12":["Texture/line-loading-bg",2,1],"13":["Texture/line-loading",2,1]},"types":["cc.Prefab","cc.Texture2D","cc.SpriteFrame","cc.LabelAtlas","cc.TTFFont"],"uuids":["7aktFcyEhNgaF5fROZ5qE0","55z4uq44RIe6bdDKHwZN0h","8e8yUwoedNGYA0kOTy6HWM","a9Da6F0c5D65fhKrzGXQCN","941dByilFJPaF65uUSxvco","84FRgaQilNb71Cv77T2EVK","5fzxe/vutD37qVPmAA6YRG","a14DDUz0dG0rv4t2Sk4+wE","cc2Nz6D3BIbaS67vCdQKgG","ca4grTYyZM3Kv3BPmemHsU","0bK3+zy5BBtr623/DqT4jS","86u5vCQ5xFAK805LK8O5ae","dfUYy4tuFJwr8d5mOJGM05","d1Wx0r7/BPy5XksLnJcUf9","ecpdLyjvZBwrvm+cedCcQy","a2MjXRFdtLlYQ5ouAFv/+R","02delMVqdBD70a/HSD99FK"],"scenes":{},"redirect":[14,0,16,0],"deps":["internal"],"name":"resources","importBase":"import","nativeBase":"native","debug":false,"isZip":false,"encrypted":true,"versions":{"import":[10,"04071",1,"7871f",6,"31c13",0,"468af",5,"7871f",11,"4cbd7",2,"7871f",4,"7871f",7,"3ed50",15,"43d76",3,"7871f",9,"2f4cf",8,"965b4",13,"a0806",12,"3f940"],"native":[1,"6e3b6",0,"e0eee",5,"48e3f",2,"ae33a",4,"ff1ab",3,"71ffd"]}}