[1,["9e2wdwpo5KsYlFoAKZO3Gy"],0,[["sp.SkeletonData",["_name","_atlasText","textureNames","_skeletonJson","textures"],-1,3]],[[0,0,1,2,3,4,5]],[[0,"logo_ngang","\nlogo_ngang.png\nsize: 2048,2048\nformat: RGBA8888\nfilter: Linear,Linear\nrepeat: none\nA\n  rotate: false\n  xy: 770, 377\n  size: 145, 161\n  orig: 145, 161\n  offset: 0, 0\n  index: -1\nFX1/Layer 1\n  rotate: false\n  xy: 2, 1360\n  size: 382, 203\n  orig: 382, 203\n  offset: 0, 0\n  index: -1\nFX1/Layer 10\n  rotate: false\n  xy: 1154, 1360\n  size: 382, 203\n  orig: 382, 203\n  offset: 0, 0\n  index: -1\nFX1/Layer 11\n  rotate: false\n  xy: 2, 540\n  size: 382, 203\n  orig: 382, 203\n  offset: 0, 0\n  index: -1\nFX1/Layer 12\n  rotate: false\n  xy: 386, 745\n  size: 382, 203\n  orig: 382, 203\n  offset: 0, 0\n  index: -1\nFX1/Layer 13\n  rotate: false\n  xy: 770, 950\n  size: 382, 203\n  orig: 382, 203\n  offset: 0, 0\n  index: -1\nFX1/Layer 14\n  rotate: false\n  xy: 1154, 1155\n  size: 382, 203\n  orig: 382, 203\n  offset: 0, 0\n  index: -1\nFX1/Layer 15\n  rotate: false\n  xy: 1538, 1360\n  size: 382, 203\n  orig: 382, 203\n  offset: 0, 0\n  index: -1\nFX1/Layer 16\n  rotate: false\n  xy: 2, 335\n  size: 382, 203\n  orig: 382, 203\n  offset: 0, 0\n  index: -1\nFX1/Layer 17\n  rotate: false\n  xy: 386, 540\n  size: 382, 203\n  orig: 382, 203\n  offset: 0, 0\n  index: -1\nFX1/Layer 18\n  rotate: false\n  xy: 770, 745\n  size: 382, 203\n  orig: 382, 203\n  offset: 0, 0\n  index: -1\nFX1/Layer 19\n  rotate: false\n  xy: 1154, 950\n  size: 382, 203\n  orig: 382, 203\n  offset: 0, 0\n  index: -1\nFX1/Layer 2\n  rotate: false\n  xy: 2, 1155\n  size: 382, 203\n  orig: 382, 203\n  offset: 0, 0\n  index: -1\nFX1/Layer 20\n  rotate: false\n  xy: 1538, 1155\n  size: 382, 203\n  orig: 382, 203\n  offset: 0, 0\n  index: -1\nFX1/Layer 21\n  rotate: false\n  xy: 2, 130\n  size: 382, 203\n  orig: 382, 203\n  offset: 0, 0\n  index: -1\nFX1/Layer 22\n  rotate: false\n  xy: 386, 335\n  size: 382, 203\n  orig: 382, 203\n  offset: 0, 0\n  index: -1\nFX1/Layer 23\n  rotate: false\n  xy: 770, 540\n  size: 382, 203\n  orig: 382, 203\n  offset: 0, 0\n  index: -1\nFX1/Layer 3\n  rotate: false\n  xy: 386, 1360\n  size: 382, 203\n  orig: 382, 203\n  offset: 0, 0\n  index: -1\nFX1/Layer 4\n  rotate: false\n  xy: 2, 950\n  size: 382, 203\n  orig: 382, 203\n  offset: 0, 0\n  index: -1\nFX1/Layer 5\n  rotate: false\n  xy: 386, 1155\n  size: 382, 203\n  orig: 382, 203\n  offset: 0, 0\n  index: -1\nFX1/Layer 6\n  rotate: false\n  xy: 770, 1360\n  size: 382, 203\n  orig: 382, 203\n  offset: 0, 0\n  index: -1\nFX1/Layer 7\n  rotate: false\n  xy: 2, 745\n  size: 382, 203\n  orig: 382, 203\n  offset: 0, 0\n  index: -1\nFX1/Layer 8\n  rotate: false\n  xy: 386, 950\n  size: 382, 203\n  orig: 382, 203\n  offset: 0, 0\n  index: -1\nFX1/Layer 9\n  rotate: false\n  xy: 770, 1155\n  size: 382, 203\n  orig: 382, 203\n  offset: 0, 0\n  index: -1\nbg_win\n  rotate: false\n  xy: 1538, 1014\n  size: 279, 139\n  orig: 279, 139\n  offset: 0, 0\n  index: -1\nbich\n  rotate: false\n  xy: 2, 2\n  size: 257, 126\n  orig: 257, 126\n  offset: 0, 0\n  index: -1\nkimcuong\n  rotate: true\n  xy: 1475, 834\n  size: 114, 56\n  orig: 114, 56\n  offset: 0, 0\n  index: -1\nlabai\n  rotate: false\n  xy: 386, 198\n  size: 228, 135\n  orig: 228, 135\n  offset: 0, 0\n  index: -1\ntep\n  rotate: false\n  xy: 1922, 1442\n  size: 99, 121\n  orig: 99, 121\n  offset: 0, 0\n  index: -1\nwin\n  rotate: false\n  xy: 1154, 781\n  size: 319, 167\n  orig: 319, 167\n  offset: 0, 0\n  index: -1\nwin2\n  rotate: false\n  xy: 1154, 713\n  size: 128, 66\n  orig: 128, 66\n  offset: 0, 0\n  index: -1\nxx1\n  rotate: false\n  xy: 1819, 1087\n  size: 68, 66\n  orig: 68, 66\n  offset: 0, 0\n  index: -1\nxx2\n  rotate: false\n  xy: 1538, 952\n  size: 68, 60\n  orig: 68, 60\n  offset: 0, 0\n  index: -1\n",["logo_ngang.png"],{"skeleton":{"hash":"kyFfyiT6bZipScWpG8AEfxecUpg","spine":"3.7.94","width":813,"height":362.96,"images":"","audio":""},"bones":[{"name":"root"},{"name":"bone","parent":"root","rotation":0.1,"x":-165.02,"y":60.01},{"name":"A","parent":"bone","rotation":-0.1,"x":1.63,"y":0.29},{"name":"bone2","parent":"root","x":77.37,"y":58.42},{"name":"win","parent":"bone2","x":-4.19,"y":-3.9},{"name":"labai","parent":"root","length":98.26,"rotation":77.11,"x":117.03,"y":96.07},{"name":"win2","parent":"root","x":313.21,"y":44.14},{"name":"xx3","parent":"root","x":-201.47,"y":-3.17,"scaleY":-1},{"name":"xx2","parent":"xx3"},{"name":"xx1","parent":"root","x":-237.25,"y":143.38},{"name":"tep","parent":"root","length":74.08,"rotation":71.85,"x":246.28,"y":53.37},{"name":"A2","parent":"bone","rotation":-0.1,"x":1.63,"y":0.29},{"name":"win3","parent":"bone2","x":-4.19,"y":-3.9},{"name":"bich","parent":"root","length":87.72,"rotation":96.52,"x":-230.52,"y":-6.04},{"name":"bone3","parent":"root","x":28.94,"y":43,"scaleX":1.788,"scaleY":1.788}],"slots":[{"name":"bich","bone":"bich","attachment":"bich"},{"name":"tep","bone":"tep","attachment":"tep"},{"name":"labai","bone":"labai","attachment":"labai"},{"name":"xx1","bone":"xx1","attachment":"xx1"},{"name":"A","bone":"A","attachment":"A"},{"name":"A2","bone":"A2","attachment":"A","blend":"additive"},{"name":"win","bone":"win","attachment":"win"},{"name":"win3","bone":"win3","attachment":"win","blend":"additive"},{"name":"bg_win","bone":"root","attachment":"bg_win"},{"name":"win2","bone":"win2","attachment":"win2"},{"name":"xx2","bone":"xx2","attachment":"xx2"},{"name":"kimcuong","bone":"root","attachment":"kimcuong"},{"name":"FX1/Layer 1","bone":"bone3","attachment":"FX1/Layer 9","blend":"additive"}],"skins":{"default":{"A":{"A":{"x":3.37,"y":11.93,"width":145,"height":161}},"A2":{"A":{"x":3.37,"y":11.93,"width":145,"height":161}},"FX1/Layer 1":{"FX1/Layer 1":{"y":0.5,"width":382,"height":203},"FX1/Layer 2":{"y":0.5,"width":382,"height":203},"FX1/Layer 3":{"y":0.5,"width":382,"height":203},"FX1/Layer 4":{"y":0.5,"width":382,"height":203},"FX1/Layer 5":{"y":0.5,"width":382,"height":203},"FX1/Layer 6":{"y":0.5,"width":382,"height":203},"FX1/Layer 7":{"y":0.5,"width":382,"height":203},"FX1/Layer 8":{"y":0.5,"width":382,"height":203},"FX1/Layer 9":{"y":0.5,"width":382,"height":203},"FX1/Layer 10":{"y":0.5,"width":382,"height":203},"FX1/Layer 11":{"y":0.5,"width":382,"height":203},"FX1/Layer 12":{"y":0.5,"width":382,"height":203},"FX1/Layer 13":{"y":0.5,"width":382,"height":203},"FX1/Layer 14":{"y":0.5,"width":382,"height":203},"FX1/Layer 15":{"y":0.5,"width":382,"height":203},"FX1/Layer 16":{"y":0.5,"width":382,"height":203},"FX1/Layer 17":{"y":0.5,"width":382,"height":203},"FX1/Layer 18":{"y":0.5,"width":382,"height":203},"FX1/Layer 19":{"y":0.5,"width":382,"height":203},"FX1/Layer 20":{"y":0.5,"width":382,"height":203},"FX1/Layer 21":{"y":0.5,"width":382,"height":203},"FX1/Layer 22":{"y":0.5,"width":382,"height":203},"FX1/Layer 23":{"y":0.5,"width":382,"height":203}},"bg_win":{"bg_win":{"x":326.98,"y":56.22,"width":279,"height":139}},"bich":{"bich":{"x":50.01,"y":-18.3,"rotation":-96.52,"width":257,"height":126}},"kimcuong":{"kimcuong":{"x":189.48,"y":10.72,"width":114,"height":56}},"labai":{"labai":{"x":47.93,"y":6.41,"rotation":-77.11,"width":228,"height":135}},"tep":{"tep":{"x":39.01,"y":5.74,"rotation":-71.85,"width":99,"height":121}},"win":{"win":{"x":-4.2,"y":23.7,"width":319,"height":167}},"win2":{"win2":{"x":2.27,"y":-2.42,"width":128,"height":66}},"win3":{"win":{"x":-4.2,"y":23.7,"width":319,"height":167}},"xx1":{"xx1":{"x":-0.27,"y":-0.66,"width":68,"height":66}},"xx2":{"xx2":{"x":-8.05,"y":-1.1,"width":68,"height":60}}}},"animations":{"animation":{"slots":{"A2":{"color":[{"time":0,"color":"ffffff00"},{"time":0.3333,"color":"ffffff98"},{"time":0.5,"color":"ffffff00"},{"time":0.6667,"color":"ffffff93"},{"time":0.8333,"color":"ffffff00"}]},"FX1/Layer 1":{"attachment":[{"time":0,"name":"FX1/Layer 1"},{"time":0.0333,"name":"FX1/Layer 2"},{"time":0.0667,"name":"FX1/Layer 3"},{"time":0.1,"name":"FX1/Layer 4"},{"time":0.1333,"name":"FX1/Layer 5"},{"time":0.1667,"name":"FX1/Layer 6"},{"time":0.2,"name":"FX1/Layer 7"},{"time":0.2333,"name":"FX1/Layer 8"},{"time":0.2667,"name":"FX1/Layer 9"},{"time":0.3,"name":"FX1/Layer 10"},{"time":0.3333,"name":"FX1/Layer 11"},{"time":0.3667,"name":"FX1/Layer 12"},{"time":0.4,"name":"FX1/Layer 13"},{"time":0.4333,"name":"FX1/Layer 14"},{"time":0.4667,"name":"FX1/Layer 15"},{"time":0.5,"name":"FX1/Layer 16"},{"time":0.5333,"name":"FX1/Layer 17"},{"time":0.5667,"name":"FX1/Layer 18"},{"time":0.6,"name":"FX1/Layer 19"},{"time":0.6333,"name":"FX1/Layer 20"},{"time":0.6667,"name":"FX1/Layer 21"},{"time":0.7,"name":"FX1/Layer 22"},{"time":0.7333,"name":"FX1/Layer 23"},{"time":0.8,"name":null}]},"win3":{"color":[{"time":0,"color":"ffffff00","curve":"stepped"},{"time":0.6667,"color":"ffffff00"},{"time":1,"color":"ffffff98"},{"time":1.1667,"color":"ffffff00"},{"time":1.3333,"color":"ffffff93"},{"time":1.5,"color":"ffffff00"}]}},"bones":{"A2":{"scale":[{"time":0.3333,"x":1,"y":1},{"time":0.5,"x":1.212,"y":1.212},{"time":0.5333,"x":2,"y":2},{"time":0.7,"x":1,"y":1},{"time":0.7667,"x":1.099,"y":1.099},{"time":0.8333,"x":1,"y":1}]},"win3":{"scale":[{"time":1,"x":1,"y":1},{"time":1.1667,"x":1.212,"y":1.212},{"time":1.2,"x":2,"y":1.98},{"time":1.3667,"x":1,"y":1},{"time":1.4333,"x":1.099,"y":1.099},{"time":1.5,"x":1,"y":1}]},"bone":{"scale":[{"time":0,"x":1,"y":1},{"time":0.1,"x":1.083,"y":1.083},{"time":0.1667,"x":1,"y":1},{"time":0.2667,"x":1.083,"y":1.083},{"time":0.3333,"x":1,"y":1}]},"xx1":{"rotate":[{"time":0,"angle":0},{"time":1,"angle":180},{"time":2,"angle":0}],"translate":[{"time":0,"x":0,"y":-5.83,"curve":[0.382,0.57,0.735,1]},{"time":0.3333,"x":0,"y":0,"curve":[0.25,0,0.75,1]},{"time":1.3333,"x":0,"y":-20.53,"curve":[0.243,0,0.649,0.6]},{"time":2,"x":0,"y":-5.83}]},"xx2":{"rotate":[{"time":0,"angle":0},{"time":1,"angle":180},{"time":2,"angle":0}],"translate":[{"time":0,"x":0,"y":-5.83,"curve":[0.382,0.57,0.735,1]},{"time":0.3333,"x":0,"y":0,"curve":[0.25,0,0.75,1]},{"time":1.3333,"x":0,"y":-20.53,"curve":[0.243,0,0.649,0.6]},{"time":2,"x":0,"y":-5.83}]},"bone2":{"scale":[{"time":0.7333,"x":1,"y":1},{"time":0.8333,"x":1.083,"y":1.083},{"time":0.9,"x":1,"y":1},{"time":1,"x":1.083,"y":1.083},{"time":1.0667,"x":1,"y":1}]},"bich":{"rotate":[{"time":0,"angle":3.07,"curve":[0.382,0.57,0.735,1]},{"time":0.3333,"angle":0,"curve":[0.25,0,0.75,1]},{"time":1.3333,"angle":10.82,"curve":[0.243,0,0.649,0.6]},{"time":2,"angle":3.07}],"translate":[{"time":0,"x":0,"y":14.86,"curve":[0.351,0.4,0.757,1]},{"time":0.6667,"x":0,"y":0,"curve":[0.25,0,0.75,1]},{"time":1.6667,"x":0,"y":20.75,"curve":[0.265,0,0.618,0.43]},{"time":2,"x":0,"y":14.86}]},"tep":{"rotate":[{"time":0,"angle":-10.16,"curve":[0.351,0.4,0.757,1]},{"time":0.6667,"angle":0,"curve":[0.25,0,0.75,1]},{"time":1.6667,"angle":-14.18,"curve":[0.265,0,0.618,0.43]},{"time":2,"angle":-10.16}],"translate":[{"time":0,"x":0,"y":4,"curve":[0.382,0.57,0.735,1]},{"time":0.3333,"x":0,"y":0,"curve":[0.25,0,0.75,1]},{"time":1.3333,"x":0,"y":14.11,"curve":[0.243,0,0.649,0.6]},{"time":2,"x":0,"y":4}]},"win2":{"scale":[{"time":1.3333,"x":1,"y":1},{"time":1.4,"x":1.097,"y":1.097},{"time":1.5,"x":1,"y":1,"curve":"stepped"},{"time":1.5333,"x":1,"y":1},{"time":1.6,"x":1.097,"y":1.097},{"time":1.7,"x":1,"y":1}]},"labai":{"rotate":[{"time":0,"angle":0,"curve":[0.25,0,0.75,1]},{"time":1,"angle":-11.14,"curve":[0.25,0,0.75,1]},{"time":2,"angle":0}]}}}}},[0]]],0,0,[0],[-1],[0]]